id,rarity,name,rainglish,type,tag,stack,description,unlock,imageLink
0,Common,Repulsion Armor Plate,RAP,-,armor,linear,Reduce all incoming damage by 5 (+5 per stack). Cannot be reduced below 1.,,https://riskofrain2.wiki.gg/images/thumb/Repulsion_Armor_Plate.png/64px-Repulsion_Armor_Plate.png?5d8a01
1,Common,Mocha,Mocha,utility,mocha,linear,Increases attack speed by 7.5% (+7.5% per stack) and movement speed by 7% (+7% per stack).,,https://riskofrain2.wiki.gg/images/thumb/Mocha.png/64px-Mocha.png?d39538
2,Common,Bolstering Lantern,Blantern,utility,bolsteringLantern,linear,Increase your attack speed by 7.5% for up to 4 (+2 per stack) enemies and allies within 20 (+5 per stack) meters.,,https://riskofrain2.wiki.gg/images/thumb/Bolstering_Lantern.png/64px-Bolstering_Lantern.png?d82bc6
3,Common,Topaz Brooch,Brooch,-,shieldBrooch,linear,Gain a temporary barrier on kill for 15 health (+15 per stack).,,https://riskofrain2.wiki.gg/images/thumb/Topaz_Brooch.png/64px-Topaz_Brooch.png?8f993a
4,Common,Tougher Times,Teddy,-,bear,hyperbolic,15% (+15% per stack) chance to block incoming damage. Unaffected by luck.,Die 5 times.,https://riskofrain2.wiki.gg/images/thumb/Tougher_Times.png/64px-Tougher_Times.png?794e6d
5,Common,Tri-Tip Dagger,Bleed,-,tritip,linear,10% (+10% per stack) chance to bleed an enemy for 240% base damage.,,https://riskofrain2.wiki.gg/images/thumb/Tri-Tip_Dagger.png/64px-Tri-Tip_Dagger.png?bebb4f
6,Common,Armor-Piercing Rounds,APR,-,bossDamage,linear,Deal an additional 20% damage (+20% per stack) to bosses.,Complete a Teleporter event.,https://riskofrain2.wiki.gg/images/thumb/Armor-Piercing_Rounds.png/64px-Armor-Piercing_Rounds.png?497a50
7,Common,Lens-Maker's Glasses,Crit,-,glasses,linear,"Your attacks have a 10% (+10% per stack) chance to Critically Strike, dealing double damage.",,https://riskofrain2.wiki.gg/images/thumb/Lens-Maker%27s_Glasses.png/64px-Lens-Maker%27s_Glasses.png?ad4878
8,Common,Crowbar,Crowbar,-,crowbar,linear,Deal 75% (+75% per stack) damage to enemies above 90% health.,Discover 10 unique white items.,https://riskofrain2.wiki.gg/images/thumb/Crowbar.png/64px-Crowbar.png?e1451d
9,Common,Warped Echo,Wecho,-,warpedEcho,linear,The next source of damage is reduced by 20% and spread into 3 (+1 per stack) hits. All echoed damage is non-lethal except for the final hit.Recharges every 15s.,,https://riskofrain2.wiki.gg/images/thumb/Warped_Echo.png/64px-Warped_Echo.png?e44c87
10,Common,Bundle of Fireworks,Fireworks,-,firework,linear,Activating an interactable launches 8 (+4 per stack) fireworks that deal 300% base damage.,Duplicate the same item 7 times in a row with a 3D printer.,https://riskofrain2.wiki.gg/images/thumb/Bundle_of_Fireworks.png/64px-Bundle_of_Fireworks.png?324fd1
11,Common,Bison Steak,Steak,utility,steak,linear,Increases maximum health by 25 (+25 per stack).,,https://riskofrain2.wiki.gg/images/thumb/Bison_Steak.png/64px-Bison_Steak.png?7a0e2a
12,Common,Delicate Watch,Watch,utility,brokenWatch,linear,Increase damage by 20% (+20% per stack). Taking damage to below 25% health breaks this item.,,https://riskofrain2.wiki.gg/images/thumb/Delicate_Watch.png/64px-Delicate_Watch.png?9dc3a5
13,Common,Roll of Pennies,Rennies,utility,pennies,linear,Gain 3 (+3 per stack) gold on taking damage from an enemy. Scales over time.,,https://riskofrain2.wiki.gg/images/thumb/Roll_of_Pennies.png/64px-Roll_of_Pennies.png?8888e3
14,Common,Cautious Slug,Slug,-,slug,linear,Increases base health regeneration by +3 hp/s (+3 hp/s per stack) while outside of combat.,,https://riskofrain2.wiki.gg/images/thumb/Cautious_Slug.png/64px-Cautious_Slug.png?aeca0e
15,Common,Power Elixir,Potion,utility,elixir,none,"Taking damage to below 25% health consumes this item, healing you for 75% of maximum health.",,https://riskofrain2.wiki.gg/images/thumb/Power_Elixir.png/64px-Power_Elixir.png?688f0e
16,Common,Paul's Goat Hoof,Hoof,-,goat,linear,Increases movement speed by 14% (+14% per stack).,Fail the Shrine of chance 3 times in a row.,https://riskofrain2.wiki.gg/images/thumb/Paul%27s_Goat_Hoof.png/64px-Paul%27s_Goat_Hoof.png?13b179
17,Common,Gasoline,Gas,-,gasoline,linear,"Killing an enemy ignites all enemies within 12m (+4m per stack) for 150% base damage. Additionally, enemies burn for 150% (+75% per stack) base damage.",,https://riskofrain2.wiki.gg/images/thumb/Gasoline.png/64px-Gasoline.png?e89593
18,Common,Chronic Expansion,Chronic,-,chronicExpansion,linear,"Killing an enemy increases your damage by 3.5% (+1% per stack), up to 10 (+5 per stack), for 7s. Dealing damage refreshes the timer.",,https://riskofrain2.wiki.gg/images/thumb/Chronic_Expansion.png/64px-Chronic_Expansion.png?9c8581
19,Common,Medkit,Medkit,-,medkit,linear,"2 seconds after getting hurt, heal for 20 plus an additional 5% (+5% per stack) of maximum health.",Defeat an Elite-type monster.,https://riskofrain2.wiki.gg/images/thumb/Medkit.png/64px-Medkit.png?a48289
20,Common,Bustling Fungus,Bungus,-,fungus,linear,After standing still for 1 seconds create a zone that heals for 4.5% (+2.25% per stack) of your health every second to all allies within 3m (+1.5m per stack).,,https://riskofrain2.wiki.gg/images/thumb/Bustling_Fungus.png/64px-Bustling_Fungus.png?d1f2d5
21,Common,Focus Crystal,Fystal,damage,redCrystal,linear,Increase damage to enemies withing 13m by 20% (+20% per stack).,,https://riskofrain2.wiki.gg/images/thumb/Focus_Crystal.png/64px-Focus_Crystal.png?e90865
22,Common,Oddly-shaped Opal,Opal,-,opal,linear,Increase armor by 100 (+100 per stack) while out of danger.,,https://riskofrain2.wiki.gg/images/thumb/Oddly-shaped_Opal.png/64px-Oddly-shaped_Opal.png?f3e2d6
23,Common,Personal Shield Generator,PSG,-,shield,linear,Gain a shield equal to 8% (+8% per stack) of your maximum healt. Recharges outside of danger.,,https://riskofrain2.wiki.gg/images/thumb/Personal_Shield_Generator.png/64px-Personal_Shield_Generator.png?d760a9
24,Common,"Item Scrap, White",White Scrap,utility,scraps1,none,Does nothing. Prioritized when used with 3D Printers.,,https://riskofrain2.wiki.gg/images/thumb/Item_Scrap%2C_White.png/64px-Item_Scrap%2C_White.png?ba6533
25,Common,Backup Magazine,Bagazine,utility,backupMag,linear,Add +1 (+1 per stack) charge of your Secondary skill.,Fully charge a Teleporter without getting hit.,https://riskofrain2.wiki.gg/images/thumb/Backup_Magazine.png/64px-Backup_Magazine.png?e9c43e
26,Common,Elusive Antlers,Antlers,utility,antlerShield,hyperbolic,"Spawns orbs of energy nearby every 10s (-10% per stack), giving +12% movement speed up to 3 (+1 per stack) times for 12s.",,https://riskofrain2.wiki.gg/images/thumb/Elusive_Antlers.png/64px-Elusive_Antlers.png?aa64d9
27,Common,Energy Drink,Soda,-,drink,linear,Sprint speed is improved by 25% (+25% per stack).,,https://riskofrain2.wiki.gg/images/thumb/Energy_Drink.png/64px-Energy_Drink.png?e1e35e
28,Common,Sticky Bomb,Sticky,-,stickyBomb,linear,"5% (+5% per stack) chance on hit to attach a bomb to an enemy, detonating for 180% TOTAL damage.",,https://riskofrain2.wiki.gg/images/thumb/Sticky_Bomb.png/64px-Sticky_Bomb.png?ec0250
29,Common,Stun Grenade,Stun,-,stunGrenade,hyperbolic,5% (+5% per stack) chance on hit to stun enemies for 2 seconds.,,https://riskofrain2.wiki.gg/images/thumb/Stun_Grenade.png/64px-Stun_Grenade.png?a5f003
30,Common,Soldier's Syringe,Syringe,-,syringe,linear,Increase Attack Speed by 15% (+15% per stack).,,https://riskofrain2.wiki.gg/images/thumb/Soldier%27s_Syringe.png/64px-Soldier%27s_Syringe.png?bfc7c5
31,Common,Monster Tooth,Mooth,-,monsterTooth,linear,Killing an ennemy spawns a healing orb that heals for 8 plus an additional 2% (+2% per stack) of maximum health.,,https://riskofrain2.wiki.gg/images/thumb/Monster_Tooth.png/64px-Monster_Tooth.png?1c97fe
32,Common,Rusted Key,Key,utility,key,none,A hidden cache containing an item (80%/20%) will appear in a random location on each stage. Opening the cache consumes this item.,Defeat the Teleporter boss under 15 seconds.,https://riskofrain2.wiki.gg/images/thumb/Rusted_Key.png/64px-Rusted_Key.png?509297
33,Common,Warbanner,Banner,utility,warbanner,linear,"On level up or starting the Teleporter event, drop a banner that strengthens all allies within 16m (+8m per stack).Raise attack and movement speed by 30%.",,https://riskofrain2.wiki.gg/images/thumb/Warbanner.png/64px-Warbanner.png?d4c794
34,Uncommon,Predatory Instincts,Prinstincts,-,hat,linear,Critical Strikes increase attack speed by 12%.Maximum cap of 36% (+24% per stack) attack speed.,Reach +200% attack speed.,https://riskofrain2.wiki.gg/images/thumb/Predatory_Instincts.png/64px-Predatory_Instincts.png?5ffc89
35,Uncommon,Bandolier,Bandolier,utility,bandolier,unique,18% (+10% per stack) chance on kill to drop an ammo pack that resets all s.,,https://riskofrain2.wiki.gg/images/thumb/Bandolier.png/64px-Bandolier.png?aca75f
36,Uncommon,Ghor's Tome,Ghome,utility,goldBook,linear,4% (+4% per stack) chance on kill to drop a treasure worth 25 gold. Scales over time.,,https://riskofrain2.wiki.gg/images/thumb/Ghor%27s_Tome.png/64px-Ghor%27s_Tome.png?3210fa
37,Uncommon,Ukulele,Uke,-,ukulele,linear,25% chance to fire a chain lightning for 80% TOTAL damage up to 3 (+2 per stack) targets within 20m (+2m per stack).,,https://riskofrain2.wiki.gg/images/thumb/Ukulele.png/64px-Ukulele.png?5c9db6
38,Uncommon,Death Mark,Mark,damage,deathMark,linear,"Enemies with 4 or more debuffs are marked for death, increasing damage taken by 50% from all sources for 7 (+7 per stack) seconds.",,https://riskofrain2.wiki.gg/images/thumb/Death_Mark.png/64px-Death_Mark.png?bc7d0c
39,Uncommon,War Horn,Warhorn,equipment,warHorn,linear,Activating your Equipment gives you +70% attack speed for 8s (+4s per stack).,Complete 3 Combat Shrines in a single stage.,https://riskofrain2.wiki.gg/images/thumb/War_Horn.png/64px-War_Horn.png?ee1b82
40,Uncommon,Fuel Cell,Cell,utility,cell,exponential,Hold an additional equipment charge +1. Reduce equipment cooldown by 15% (+15% per stack).,Pickup 5 different types of Equipment.,https://riskofrain2.wiki.gg/images/thumb/Fuel_Cell.png/64px-Fuel_Cell.png?93ae1d
41,Uncommon,Old Guillotine,Guillotine,-,guillotine,hyperbolic,Instantly kill Elite Monsters below 13% (+13% per stack) health.,Defeat 500 Elite Monsters.,https://riskofrain2.wiki.gg/images/thumb/Old_Guillotine.png/64px-Old_Guillotine.png?9a0dc3
42,Uncommon,Will-O'-the-wisp,Wisp,-,wisp,linear,"On killing an enemy, spawn a lava pillar in a 12m (+2.4m per stack) radius for 350% (+280% per stack) base damage.",,https://riskofrain2.wiki.gg/images/thumb/Will-o%27-the-wisp.png/64px-Will-o%27-the-wisp.png?253825
43,Uncommon,Chance Doll,Chance,utility,chanceDoll,linear,"On Shrine of Chance success, 40% (+10% per stack) chance to get higher rarity items.",,https://riskofrain2.wiki.gg/images/thumb/Chance_Doll.png/64px-Chance_Doll.png?266327
44,Uncommon,Prayer Beads,Prayer Beads,utility,prayerBreads,linear,"Grows in power by absorbing experience, storing 20% (+5% per stack) bonus stats (health, regeneration, and damage). On removal, gain all stored stats.",,https://riskofrain2.wiki.gg/images/thumb/Prayer_Beads.png/64px-Prayer_Beads.png?742784
45,Uncommon,Hopoo Feather,Feather,utility,feather,linear,Gain +1 (+1 per stack) maximum jump count.,,https://riskofrain2.wiki.gg/images/thumb/Hopoo_Feather.png/64px-Hopoo_Feather.png?8dd2e6
46,Uncommon,Kjaro's Band,Kjaro,-,fireRing,linear,"Hits that deals more than 400% damage also blasts enemies with a runic flame tornado, dealing 300% (+300% per stack) TOTAL damage over time. Recharges every 10 seconds.",Discover the hidden chamber in the Abandonned Aqueduct.,https://riskofrain2.wiki.gg/images/thumb/Kjaro%27s_Band.png/64px-Kjaro%27s_Band.png?64a333
47,Uncommon,Shipping Request Form,Shorm,utility,form,unique,A delivery containing 2 items (79%/20%/1%) will appear in a random location on each stage. (Increases rarity chances of the items per stack.),,https://riskofrain2.wiki.gg/images/thumb/Shipping_Request_Form.png/64px-Shipping_Request_Form.png?852c58
48,Uncommon,Harvester's Scythe,Scythe,-,scythe,linear,Gain 5% critical chance.Critical strikes heal for 8 (+4 per stack) health.,Complete a Prismatic Trial.,https://riskofrain2.wiki.gg/images/thumb/Harvester%27s_Scythe.png/64px-Harvester%27s_Scythe.png?2b27b7
49,Uncommon,Runald's Band,Runald,-,iceRing,linear,"Hits that deals more than 400% damage also blasts enemies with a runic ice blast, slowing them by 80% for 3s (+3s per stack) and dealing 250% (+250% per stack) TOTAL damage. Recharge every 10 seconds.",Discover the hidden chamber in the Abandonned Aqueduct.,https://riskofrain2.wiki.gg/images/thumb/Runald%27s_Band.png/64px-Runald%27s_Band.png?642223
50,Uncommon,Luminous Shot,Luminous,utility,luminousShot,linear,"Activating secondary skill stores up to 5 charges +1. Requires 3 charges for your Primary skill to fire lightning stikres, dealing 175% TOTAL damage +50% each.Reduces Secondary skill  by 20%.",,https://riskofrain2.wiki.gg/images/thumb/Luminous_Shot.png/64px-Luminous_Shot.png?61489b
51,Uncommon,Infusion,Infusion,-,infusion,linear,"Killing an enemy increases your health permanently by 1 (+1 per stack), up to a maximum of 100 (+100 per stack) health.",Defeat 3000 enemies.,https://riskofrain2.wiki.gg/images/thumb/Infusion.png/64px-Infusion.png?3e199e
52,Uncommon,Wax Quail,Quail,-,quail,linear,Jumping while sprinting boosts you forward by 10m (+10m per stack).,Reach +300% movespeed (include sprinting).,https://riskofrain2.wiki.gg/images/thumb/Wax_Quail.png/64px-Wax_Quail.png?527bfe
53,Uncommon,Breaching Fin,Fin,utility,breachingFin,linear,Grounded enemies hit with any skill are launched and stunned. Enemies hit while airborne are launched again up to 2 times (+1 per stack). Launched enemies take increased damage by 10% from all sources per launch. Recharges after 15s.,,https://riskofrain2.wiki.gg/images/thumb/Breaching_Fin.png/64px-Breaching_Fin.png?31f153
54,Uncommon,Sale Star,Sale Star,utility,saleStar,linear,Gain an extra item on the first chest opened per stage. Each additional Sale Star increase the chance of getting more items by 5%.,,https://riskofrain2.wiki.gg/images/thumb/Sale_Star.png/64px-Sale_Star.png?a865b9
55,Uncommon,AtG Missile Mk. 1,ATG,-,missile_mk,linear,10% chance to fire a missile that deals 300% (+300% per stack) TOTAL damage.,,https://riskofrain2.wiki.gg/images/thumb/AtG_Missile_Mk._1.png/64px-AtG_Missile_Mk._1.png?4f776c
56,Uncommon,Hunter's Harpoon,Harpoon,utility,harpoon,linear,"Killing an enemy increases movement speed by 125%, fading over 1 (+0.5 per stack) seconds.",,https://riskofrain2.wiki.gg/images/thumb/Hunter%27s_Harpoon.png/64px-Hunter%27s_Harpoon.png?9b9a5e
57,Uncommon,Old War Stealthkit,Stealthkit,-,phasing,exponential,Falling below 25% health causes you to gain 40% movement speed and invisibility for 5s. Recharges every 30 seconds (-50% per stack).,,https://riskofrain2.wiki.gg/images/thumb/Old_War_Stealthkit.png/64px-Old_War_Stealthkit.png?d4b1f5
58,Uncommon,Shuriken,Shuriken,-,shuriken,linear,Activation your Primary skill also throws a shuriken that deals 400% (+100% per stack) base damage. You can hold up to 3 (+1 per stack) shurikens which all reload over 10 seconds.,,https://riskofrain2.wiki.gg/images/thumb/Shuriken.png/64px-Shuriken.png?7ea4c9
59,Uncommon,Regenerating Scrap,Regen Scrap,utility,orangeScrap,none,"Does nothing. Prioritized when used with Uncommon 3D Printers. At the start of each stage, it regenerates.",,https://riskofrain2.wiki.gg/images/thumb/Regenerating_Scrap.png/64px-Regenerating_Scrap.png?aef9cd
60,Uncommon,"Item Scrap, Green",Green Scrap,utility,scraps2,none,Does nothing. Prioritized when used with 3D Printers.,,https://riskofrain2.wiki.gg/images/thumb/Item_Scrap%2C_Green.png/64px-Item_Scrap%2C_Green.png?39ccd7
61,Uncommon,Leeching Seed,Leecher,-,seed,linear,Dealing damage heals you for 1 (+1 per stack) health.,,https://riskofrain2.wiki.gg/images/thumb/Leeching_Seed.png/64px-Leeching_Seed.png?32ebf1
62,Uncommon,Chronobauble,Slow,-,bauble,linear,Slow enemies for -60% movement speed for 2s (+2s per stack).,,https://riskofrain2.wiki.gg/images/thumb/Chronobauble.png/64px-Chronobauble.png?aea0aa
63,Uncommon,Rose Buckler,Ruckler,-,buckler,linear,Increase armor by 30 (+30 per stack) while sprinting.,,https://riskofrain2.wiki.gg/images/thumb/Rose_Buckler.png/64px-Rose_Buckler.png?ded7ff
64,Uncommon,Red Whip,Whip,-,whip,linear,Leaving combat boosts movement speed by 30% (+30% per stack).,,https://riskofrain2.wiki.gg/images/thumb/Red_Whip.png/64px-Red_Whip.png?15bcd7
65,Uncommon,Squid Polyp,Squolyp,-,squidTurret,linear,Activating an interactable summons a Squid Turret that attacks nearby enemies at 100% (+100% per stack) attack speed. Lasts 30 seconds.,Activate 6 turrets in a single run.,https://riskofrain2.wiki.gg/images/thumb/Squid_Polyp.png/64px-Squid_Polyp.png?5ab3a7
66,Uncommon,Ignition Tank,Ignition,-,tank,linear,Ignite effects deal +300% (+300% per stack) more damage over time.,,https://riskofrain2.wiki.gg/images/thumb/Ignition_Tank.png/64px-Ignition_Tank.png?14a761
67,Uncommon,Lepton Daisy,Daisy,-,healFlower,linear,"Release a healing nova during the Teleporter event, healing all nearby allies for 50% of their maximum health. Occurs 1 (+1 per stack) times.",,https://riskofrain2.wiki.gg/images/thumb/Lepton_Daisy.png/64px-Lepton_Daisy.png?155bd5
68,Uncommon,Unstable Transmitter,Unstansmitter,-,unstableTramsmitter,linear,"Falling below 25% health gives you a temporary barrier and a dimensional aura that bleeds and teleports away enemies for 8s.Enemies killed by the aura extend the duration by 1s.At the start of each stage, it regenerates.",,https://riskofrain2.wiki.gg/images/thumb/Unstable_Transmitter.png/64px-Unstable_Transmitter.png?40c0e7
69,Uncommon,Razorwire,Razorwire,-,razorHeadband,linear,"Getting hit causes you to explode in a burst of razors, dealing 160% damage.Hits up to 5 (+2 per stack) targets in a 25m (+10m per stack) radius.",,https://riskofrain2.wiki.gg/images/thumb/Razorwire.png/64px-Razorwire.png?c3eb61
70,Uncommon,Noxious Thorn,Norn,-,noxiousThorn,linear,"Gain 10% chance to bleed an enemy. On killing an enemy, transfer 33% of every debuff stack to 1 enemy (+1 per stack) within 20m (+5m per stack).",,https://riskofrain2.wiki.gg/images/thumb/Noxious_Thorn.png/64px-Noxious_Thorn.png?db89f6
71,Uncommon,Berzerker's Pauldron,Pauldron,-,berzerk,linear,Killing 4 enemies within 1 second sends you into a frenzy for 6s (+4s per stack). Increases movement speed by 50% and attack speed by 100%.,Charge the Teleporter with less than 10% health.,https://riskofrain2.wiki.gg/images/thumb/Berzerker%27s_Pauldron.png/64px-Berzerker%27s_Pauldron.png?da7fcf
72,Legendary,Alien Head,Head,utility,alien,exponential,Reduce skill  by 25% (+25% per stack).,,https://riskofrain2.wiki.gg/images/thumb/Alien_Head.png/64px-Alien_Head.png?3860a3
73,Legendary,Shattering Justice,Shustice,-,hammer,linear,"After hitting an enemy 5 times, reduce their armor by 60 for 8 (+8 per stack) seconds.",,https://riskofrain2.wiki.gg/images/thumb/Shattering_Justice.png/64px-Shattering_Justice.png?fbb55d
74,Legendary,War Bonds,War Bonds,utility,warBonds,linear,"During boss events, 5 missiles bombard the area, dealing 2.5% (+2.5% per stack) of boss' Max Health in damage. Before the boss event, gain additional missiles, up to a maximum of 20 (+5 per stack), per 50 gold gained.Gold Requirement scales over time.",,https://riskofrain2.wiki.gg/images/thumb/War_Bonds.png/64px-War_Bonds.png?fb59ab
75,Legendary,Aegis,Aegis,utility,fullBarrier,linear,Healing past full grants you a temporary barrier for 50% (+50% per stack) of the amount you healed.,,https://riskofrain2.wiki.gg/images/thumb/Aegis.png/64px-Aegis.png?19cea7
76,Legendary,Brilliant Behemoth,Behemo,-,behemoth,linear,All your attacks explode in a 4m (+1.5m per stack) radius for a bonus 60% TOTAL damage to nearby enemies.,,https://riskofrain2.wiki.gg/images/thumb/Brilliant_Behemoth.png/64px-Brilliant_Behemoth.png?a02dfe
77,Legendary,Growth Nectar,Grectar,utility,growthNectar,linear,"Grants 4% increase to ALL stats for each buff, up to a maximum of 4 (+4 per stack).",,https://riskofrain2.wiki.gg/images/thumb/Growth_Nectar.png/64px-Growth_Nectar.png?15a6f2
78,Legendary,Sentient Meat Hook,Smooks,utility,hook,hyperbolic,20% (+20% per stack) chance on hit to fire homing hooks at up to 10 (+5 per stack) enemies for 100% TOTAL damage.,Loop back to the first stage.,https://riskofrain2.wiki.gg/images/thumb/Sentient_Meat_Hook.png/64px-Sentient_Meat_Hook.png?613d47
79,Legendary,Defensive Microbots,Microbots,-,microbot,linear,Shoot down 1 (+1 per stack) projectiles within 20m every 0.5 seconds. Recharge rate scales with attack speed.,,https://riskofrain2.wiki.gg/images/thumb/Defensive_Microbots.png/64px-Defensive_Microbots.png?e9ab49
80,Legendary,57 Leaf Clover,Clover,utility,clover,linear,All random effects are rolled +1 (+1 per stack) times for a favorable outcome.,Complete 20 stages in a single run.,https://riskofrain2.wiki.gg/images/thumb/57_Leaf_Clover.png/64px-57_Leaf_Clover.png?aa833a
81,Legendary,Laser Scope,Critscope,damage,scope,linear,Critical Strikes deal an additional 100% damage (+100% per stack),,https://riskofrain2.wiki.gg/images/thumb/Laser_Scope.png/64px-Laser_Scope.png?70a64b
82,Legendary,Ceremonial Dagger,Caggers,-,dagger,linear,Killing an enemy fires out 3 homing daggers that deal 150% (+150% per stack) base damage.,,https://riskofrain2.wiki.gg/images/thumb/Ceremonial_Dagger.png/64px-Ceremonial_Dagger.png?c9284a
83,Legendary,Spare Drone Parts,Sparts,-,droneBox,linear,"Gain Col. Droneman. Drones gain +50% (+50% per stack) attack speed and damage reduction. Drones gain 10% chance to fire a missile on hit, dealing 300% TOTAL damage. Drones gain an automatic chain gun that deals 6x100% damage, bouncing to 2 enemies.",,https://riskofrain2.wiki.gg/images/thumb/Spare_Drone_Parts.png/64px-Spare_Drone_Parts.png?1cc7ae
84,Legendary,Dio's Best Friend,Dio's,utility,dio,none,"Upon Death, this item will be consumed and you will return to life with 3 seconds of invulnerability.",Stay alive for 30 consecutive minutes.,https://riskofrain2.wiki.gg/images/thumb/Dio%27s_Best_Friend.png/64px-Dio%27s_Best_Friend.png?fd4624
85,Legendary,H3AD-5T v2,Headstompers,-,cuffs,unique,"Increase jump height. Creates a 5m-100m radius kinetic explosion on hitting the ground, dealing 1000%-10000% base damage that scales up with fall distance. Recharges in 10 (-50% per stack) seconds.",,https://riskofrain2.wiki.gg/images/thumb/H3AD-5T_v2.png/64px-H3AD-5T_v2.png?fa044f
86,Legendary,Happiest Mask,Mask,-,mask,linear,Killing enemies has a 7% chance to spawn a ghost of the killed enemy with 1500% damage. Lasts 30s (+30s per stack).,,https://riskofrain2.wiki.gg/images/thumb/Happiest_Mask.png/64px-Happiest_Mask.png?cdf26d
87,Legendary,Wake of Vultures,Vultures,utility,headhunter,linear,Gain the power of any killed elite monster for 8s (+5s per stack).,,https://riskofrain2.wiki.gg/images/thumb/Wake_of_Vultures.png/64px-Wake_of_Vultures.png?c6b71a
88,Legendary,Frost Relic,Frelic,-,ice,linear,"Killing an enemy surrounds you with an ice storm that deals 1200% damage per second and slows enemies by 80% for 1.5s. The storm grows with every kill, increasing it's radius by 2m .Stacks up to 18m (+12m per stack).",,https://riskofrain2.wiki.gg/images/thumb/Frost_Relic.png/64px-Frost_Relic.png?a6959b
89,Legendary,Ben's Raincoat,Broat,-,rainCoat,linear,Prevents 1 (+1 per stack) debuff and instead grants a temporary barrier for 10% of maximum health. Recharges every 5 seconds.,,https://riskofrain2.wiki.gg/images/thumb/Ben%27s_Raincoat.png/64px-Ben%27s_Raincoat.png?37355b
90,Legendary,Rejuvenation Rack,Broat,-,horn,linear,Heal +100% (+100% per stack) more.,"Without healing, reach and complete the 3rd Teleporter event.",https://riskofrain2.wiki.gg/images/thumb/Rejuvenation_Rack.png/64px-Rejuvenation_Rack.png?b147d1
91,Legendary,Sonorous Whispers,Swhispers,utility,sonorousWhispers,linear,When a large monster is killed it will always drop an item. All elites have a 4% chance of dropping an item (+1% per stack).,,https://riskofrain2.wiki.gg/images/thumb/Sonorous_Whispers.png/64px-Sonorous_Whispers.png?893de8
92,Legendary,Brainstalks,Brainstalks,-,brain,linear,"Upon killing an elite monster, enter a frenzy for 4s (+4s per stack) where skills have no cooldowns.",Defeat an Elite boss on Monsoon difficulty.,https://riskofrain2.wiki.gg/images/thumb/Brainstalks.png/64px-Brainstalks.png?2c5801
93,Legendary,Resonance Disc,Resdisc,-,disc,linear,"Killing 4 enemies in 7 seconds charges the Resonance Disc. The disc launches itself toward a target for 300% base damage (+300% per stack), piercing all enemies it doesn't kill, and then explodes for 1000% base damage +1000%.Returns to the user, striking all enemies along the way for 300% base damage (+300% per stack).",,https://riskofrain2.wiki.gg/images/thumb/Resonance_Disc.png/64px-Resonance_Disc.png?5405c0
94,Legendary,Runic Lens,Runic,-,runicLens,linear,"3% chance on hit to call a meteor strike, dealing 2000% base damage. Every 100% attack damage dealth increases the activation chance by 3% (+3% per stack) and damage by 150% (+50% per stack).",,https://riskofrain2.wiki.gg/images/thumb/Runic_Lens.png/64px-Runic_Lens.png?c74f3e
95,Legendary,Pocket I.C.B.M,ICBM,-,hugeMissile,linear,All missile items and equipments fire an additional 2 missiles. Increase missile damage by 0% (+50% per stack).,,https://riskofrain2.wiki.gg/images/thumb/Pocket_I.C.B.M..png/64px-Pocket_I.C.B.M..png?c31388
96,Legendary,N'kuhana's Opinion,Nukuhana's,-,opinion,linear,"Store 100% (+100% per stack) of healing as Soul Energy. After your Soul Energy reaches 10% of your maximum health, fire a skull that deals 250% of your Soul Energy as damage.",Find the Altar to N'kuhana.,https://riskofrain2.wiki.gg/images/thumb/N%27kuhana%27s_Opinion.png/64px-N%27kuhana%27s_Opinion.png?632a93
97,Legendary,Symbiotic Scorpion,Scorpion,utility,scorpion,linear,100% chance on hit to reduce armor by 2 (+2 per stack) permanently.,,https://riskofrain2.wiki.gg/images/thumb/Symbiotic_Scorpion.png/64px-Symbiotic_Scorpion.png?b0b76d
98,Legendary,Interstellar Desk Plant,IDP,-,deskPlant,linear,"On kill, plant a healing fruit seed that grows into a plant after 5 seconds.The plant heals for 10% of maximum health every second to all allies withing 5m (+5m per stack). Last 10 seconds.",,https://riskofrain2.wiki.gg/images/thumb/Interstellar_Desk_Plant.png/64px-Interstellar_Desk_Plant.png?6e64fc
99,Legendary,Bottled Chaos,Bhaos,utility,bottle,linear,Trigger a random equipment effect 1 (+1 per stack) time(s).,,https://riskofrain2.wiki.gg/images/thumb/Bottled_Chaos.png/64px-Bottled_Chaos.png?7b1311
100,Legendary,"Item Scrap, Red",Red Scrap,utility,scraps3,none,Does nothing. Prioritized when used with 3D Printers.,,https://riskofrain2.wiki.gg/images/thumb/Item_Scrap%2C_Red.png/64px-Item_Scrap%2C_Red.png?d4ddc3
101,Legendary,Unstable Tesla Coil,Tesla,-,tesla,linear,Fire out lightning that hits 3 (+2 per stack) enemies for 200% base damage every 0.5s.The Tesla Coil switches off every 10 seconds.,Deal 5000 damage in one shot.,https://riskofrain2.wiki.gg/images/thumb/Unstable_Tesla_Coil.png/64px-Unstable_Tesla_Coil.png?d34a12
102,Legendary,Electric Boomerang,Boomerang,-,electricBoomerang,linear,"15% chance on hit to fire an electric boomerang that slices through enemies, dealing 120% base damage, an additional 120% (+120% per stack) base damage per second, and stuns all enemies hit. Can strike enemies on the way back.",,https://riskofrain2.wiki.gg/images/thumb/Electric_Boomerang.png/64px-Electric_Boomerang.png?805d33
103,Legendary,Soulbound Catalyst,Soulbound,utility,soul,linear,Kills reduce equipment cooldown by 4s (+2s per stack).,Discover and activate 8 unique Newt Altars.,https://riskofrain2.wiki.gg/images/thumb/Soulbound_Catalyst.png/64px-Soulbound_Catalyst.png?4166e8
104,Legendary,Hardlight Afterburner,Afterburner,utility,burner,linear,Add +2 (+2 per stack) charges of your Utility skill. Reduces Utility skill cooldown by 33%.,,https://riskofrain2.wiki.gg/images/thumb/Hardlight_Afterburner.png/64px-Hardlight_Afterburner.png?39c0c2
105,Boss,Artifact Key,Key,-,artifactKey,none,A stone shard with immense power.,,https://riskofrain2.wiki.gg/images/thumb/Artifact_Key.png/64px-Artifact_Key.png?acc01b
106,Boss,Queen's Gland,Beege,utility,beetle,linear,"Every 30 seconds, summon a Beetle Guard with bonus 300% damage and 100% health. Can have up to 1 (+1 per stack) Guards at a time.",,https://riskofrain2.wiki.gg/images/thumb/Queen%27s_Gland.png/64px-Queen%27s_Gland.png?70a362
107,Boss,Shatterspleen,Spleen,-,critBleed,linear,"Critical Strikes bleed enemies for 240% base damage. Bleeding enemies explode on death for 400% (+400% per stack) damage, plus an additional 15% (+15% per stack) of their maximum health.",,https://riskofrain2.wiki.gg/images/thumb/Shatterspleen.png/64px-Shatterspleen.png?64370e
108,Boss,Molten Perforator,Merf,-,magmaTooth,linear,"10% chance on hit to call forth 3 magma balls from an enemy, dealing 300% (+300% per stack) damage and igniting all enemies.",,https://riskofrain2.wiki.gg/images/thumb/Molten_Perforator.png/64px-Molten_Perforator.png?3ab4b6
109,Boss,Titanic Knurl,Knurl,-,knurl,linear,Increases maximum health by 40 (+40 per stack) and base health regeneration by +1.6 hp/s (+1.6 hp/s per stack).,,https://riskofrain2.wiki.gg/images/thumb/Titanic_Knurl.png/64px-Titanic_Knurl.png?926a27
110,Boss,Charged Perforator,Cherf,-,whiteHook,linear,"10% chance on hit to do down a lightning strike, dealing 500% (+500% per stack) damage.",,https://riskofrain2.wiki.gg/images/thumb/Charged_Perforator.png/64px-Charged_Perforator.png?44d7fb
111,Boss,Defense Nucleus,Nucleus,utility,triangleSummon,linear,Killing elite monsters spawns an Alpha Construct. Limited to 4 (+4 per stack).,,https://riskofrain2.wiki.gg/images/thumb/Defense_Nucleus.png/64px-Defense_Nucleus.png?cde23c
112,Boss,Genesis Loop,Gloop,-,weirdTail,linear,"Falling below 25% health causes you to explode, dealing 6000% base damage. Recharges every 30 seconds (-50% per stack).",,https://riskofrain2.wiki.gg/images/thumb/Genesis_Loop.png/64px-Genesis_Loop.png?e196fa
113,Boss,Planula,Planula,-,magmaEgg,linear,Heal from incoming damage for 15 (+15 per stack).,,https://riskofrain2.wiki.gg/images/thumb/Planula.png/64px-Planula.png?2e2e42
114,Boss,Pearl,Pearl,-,pearl,linear,Increases maximum health by 10% (+10% per stack).,,https://riskofrain2.wiki.gg/images/thumb/Pearl.png/64px-Pearl.png?eee07d
115,Boss,Empathy Cores,Cores,-,doubleDrone,linear,"Every 30 seconds, summon two Solus Probes that gain +100% (+100% per stack) damage per ally on your team.",,https://riskofrain2.wiki.gg/images/thumb/Defense_Nucleus.png/64px-Defense_Nucleus.png?cde23c
116,Boss,"Item Scrap, Yellow",Yellow Scrap,utility,scraps4,none,Does nothing. Prioritized when used with 3D Printers.,,https://riskofrain2.wiki.gg/images/thumb/Item_Scrap%2C_Yellow.png/64px-Item_Scrap%2C_Yellow.png?685aec
117,Boss,Irradiant Pearl,Irradiant,-,shinyPearl,linear,Increases ALL stats by 10% (+10% per stack).,,https://riskofrain2.wiki.gg/images/thumb/Irradiant_Pearl.png/64px-Irradiant_Pearl.png?89287a
118,Boss,Mired Urn,Murn,-,tarUrn,linear,"While in combat, the nearest 1 (+1 per stack) enemies to you within 13m whill be ""tethered"" to you, dealing 100% damage per second, applying tar, and healing you for 100% of the damage dealt.",,https://riskofrain2.wiki.gg/images/thumb/Mired_Urn.png/64px-Mired_Urn.png?38efd6
119,Boss,Little Disciple,Lil D,-,sprintingWisp,linear,Fire a tracking wisp for 300% (+300% per stack) damage.Fires every 1.6 seconds while sprinting. Fire rate increases with movement speed.,,https://riskofrain2.wiki.gg/images/thumb/Little_Disciple.png/64px-Little_Disciple.png?bede28
120,Boss,Halcyon Seed,Aurelionite,utility,goldenSeed,linear,Summon Aurelionite during the teleporter event. It has 100% (+50% per stack) damage and 100% (+100% per stack) health.,,https://riskofrain2.wiki.gg/images/thumb/Halcyon_Seed.png/64px-Halcyon_Seed.png?bd3788
121,Void,Safer Spaces,Spaces,-,corruptedBear,exponential,Block incoming damage once. Recharges after 15 seconds (-10% per stack). Corrupts all Tougher Times.,,https://riskofrain2.wiki.gg/images/thumb/Safer_Spaces.png/64px-Safer_Spaces.png?81105f
122,Void,Needletick,Needletick,utility,needletick,linear,10% (+10% per stack) chance to collapse an enemy for 400% base damage. Corrupts all Tri-Tip Daggers.,,https://riskofrain2.wiki.gg/images/thumb/Needletick.png/64px-Needletick.png?da9c71
123,Void,Lost Seer's Lenses,Vrit,-,corruptedGlasses,linear,Your attacks have a 0.5% (+0.5% per stack) chance to instantly kill a non-Boss enemy. Corrupts all Lens-Maker's Glasses.,,https://riskofrain2.wiki.gg/images/thumb/Lost_Seer%27s_Lenses.png/64px-Lost_Seer%27s_Lenses.png?d6650b
124,Void,Weeping Fungus,Wungus,-,weirdShroom,linear,Heals for 2% (+2% per stack) of your health every second while sprinting. Corrupts all Bustling Fungi.,,https://riskofrain2.wiki.gg/images/thumb/Weeping_Fungus.png/64px-Weeping_Fungus.png?c85bb9
125,Void,Encrusted Key,Voidkey,-,corruptedKey,none,A hidden cache containing an item (60%/30%/10%) will appear in a random location on each stage. Opening the cache consumes this item. Corrupts all Rusted Key.,,https://riskofrain2.wiki.gg/images/thumb/Encrusted_Key.png/64px-Encrusted_Key.png?8ed3c3
126,Void,Polylute,Plute,-,corruptedThing,linear,25% chance to fire lightning for 60% TOTAL damage up to 3 (+3 per stack) times. Corrupts all Ukuleles.,,https://riskofrain2.wiki.gg/images/thumb/Polylute.png/64px-Polylute.png?bd8f5e
127,Void,Singularity Band,Voidband,-,superRing,linear,"Hits that deal more than 400% damage also fire a black hole that draws enemies within 15m into its center. Lasts 5 seconds before collapsing, dealing 100% (+100% per stack) TOTAL damage.Recharges every 20 seconds. Corrupts all Kjaro's Band and Runald's Band.",,https://riskofrain2.wiki.gg/images/thumb/Singularity_Band.png/64px-Singularity_Band.png?432e5f
128,Void,Lysate Cell,Lysate,utility,purpleCell,linear,Add +1 (+1 per stack) charge of your Special skill. Corrupts all Fuel Cells.,,https://riskofrain2.wiki.gg/images/thumb/Lysate_Cell.png/64px-Lysate_Cell.png?ca0036
129,Void,Voidsent Flame,Voidsent,damage,flame,linear,"Upon hitting an enemy at or above 100% health, detonate them in a 12m (+2.4m per stack) radius burst for 260% (+156% per stack) base damage. Corrupts all Will-o'-the-wisps.",,https://riskofrain2.wiki.gg/images/thumb/Voidsent_Flame.png/64px-Voidsent_Flame.png?f2b375
130,Void,Plasma Shrimp,Plimp,-,superMissile,linear,"Gain a shield equal to 10% of your maximum health. While you have a shield, hitting an enemy fires a missile that deals 40% (+50% per stack) TOTAL damage. Corrupts all AtG Missile Mk. 1s.",,https://riskofrain2.wiki.gg/images/thumb/Plasma_Shrimp.png/64px-Plasma_Shrimp.png?cd9ca4
131,Void,Tentabauble,Tenta,utility,plantTentacle,hyperbolic,5% (+5% per stack) chance on hit to root enemies for 1s (+1s per stack) Corrupts all Chronobaubles.,,https://riskofrain2.wiki.gg/images/thumb/Tentabauble.png/64px-Tentabauble.png?291343
132,Void,Benthic Bloom,Benthic,utility,corruptedClover,linear,Upgrades 3 (+3 per stack) randoms items to items of the next higher rarity at the start of each stage. Corrupts all 57 Leaf Clovers.,,https://riskofrain2.wiki.gg/images/thumb/Benthic_Bloom.png/64px-Benthic_Bloom.png?f20ebf
133,Void,Pluripotent Larva,Pluriva,utility,hauntedBear,linear,"Upon death, this item will be consumed and you will return to life with 3 seconds of invulnerability, and all of your items that can be corrupted will be. Corrupts all Dio's Best Friends.",,https://riskofrain2.wiki.gg/images/thumb/Pluripotent_Larva.png/64px-Pluripotent_Larva.png?771373
134,Void,Newly Hatched Zoea,Zoea,-,corruptedScorpion,unique,"Every 60 (-50% per stack) seconds, gain a random Void ally. Can have up to 1 (+1 per stack) allies at a time. Corrupts all Unique Items.",,https://riskofrain2.wiki.gg/images/thumb/Newly_Hatched_Zoea.png/64px-Newly_Hatched_Zoea.png?fd60e3
135,Lunar,Gesture of the Drowned,Gesture,utility,fossil,exponential,Reduce equipment cooldown by 50% (+15% per stack). Forces your Equipment to activate whenever it is off cooldown.,Kill 20 Hermit Crabs by chasing them off the edge of the map.,https://riskofrain2.wiki.gg/images/thumb/Gesture_of_the_Drowned.png/64px-Gesture_of_the_Drowned.png?8f29b3
136,Lunar,Focused Convergence,Convergence,utility,orb,unique,"Teleporters charge 30% (+30% per stack) faster, but the size of the Teleporter zone is 50% (-50% per stack) smaller.","In 4 consecutives stages, don't leave the teleporter radius until it is fully charged.",https://riskofrain2.wiki.gg/images/thumb/Focused_Convergence.png/64px-Focused_Convergence.png?2df641
137,Lunar,Brittle Crown,Crown,utility,crown,linear,"30% chance on hit to gain 2 (+2 per stack) gold. Scales over time. On taking damage, lose gold equal to 100% (+100% per stack) of the maximum health percentage you lost.",,https://riskofrain2.wiki.gg/images/thumb/Brittle_Crown.png/64px-Brittle_Crown.png?cc94ca
138,Lunar,Light Flux Pauldron,Light Flux,utility,coolJacket,unique,Decrease skill cooldowns by 50% (+50% per stack). Decrease attack speed by 50% (+50% per stack).,,https://riskofrain2.wiki.gg/images/thumb/Light_Flux_Pauldron.png/64px-Light_Flux_Pauldron.png?a98aa4
139,Lunar,Stone Flux Pauldron,Stone,utility,pauldron,unique,Increase max health by 100% (+100% per stack). Reduce movement speed by 50% (+50% per stack).,,https://riskofrain2.wiki.gg/images/thumb/Stone_Flux_Pauldron.png/64px-Stone_Flux_Pauldron.png?c5291f
140,Lunar,Purity,Purity,utility,snowflake,linear,All skill cooldowns are reduced by 2 (+1 per stack) seconds. All random effects are rolled +1 (+1 per stack) times for an unfavorable outcome.,Beat the game in Monsoon difficulty.,https://riskofrain2.wiki.gg/images/thumb/Purity.png/64px-Purity.png?bae78f
141,Lunar,Shaped Glass,Glass,-,sword,exponential,Increase base damage by 100% (+100% per stack).Reduce maximum health by 50% (+50% per stack).,,https://riskofrain2.wiki.gg/images/thumb/Shaped_Glass.png/64px-Shaped_Glass.png?bb7dae
142,Lunar,Visions of Heresy,Visions,damage,weirdOrb,linear,"Replace your Primary Skill with Hungering Gaze. Fire a flurry of tracking shards that detonate after a delay, dealing 120% base damage. Hold up to 12 charges (+12 per stack) that reload after 2 seconds (+2 per stack).",,https://riskofrain2.wiki.gg/images/thumb/Visions_of_Heresy.png/64px-Visions_of_Heresy.png?ecd351
143,Lunar,Hooks of Heresy,Hooks,-,purpleBlade,linear,"Replace your Secondary Skill with Slicing Maelstrom. Charge up a projectile that deals 875% damage per second to nearby enemies, exploding after 3 seconds to deal 700% damage and root enemies for 3 (+3 per stack) seconds. Recharges after 5 (+5 per stack) seconds.",Kill 15 boss monsters in a single run.,https://riskofrain2.wiki.gg/images/thumb/Hooks_of_Heresy.png/64px-Hooks_of_Heresy.png?a0370b
144,Lunar,Essence of Heresy,Ruin,-,ocarina,linear,"Replace your Special Skill with Ruin. Dealing damage adds a stack of Ruin for 10 (+10 per stack) seconds. Activating the skill detonates all Ruin stack at unlimited range, dealing 300% damage plus 120% damage per stack of Ruin. Recharges after 8 (+8 per stack) seconds.",Kill 15 boss monsters in a single run.,https://riskofrain2.wiki.gg/images/thumb/Essence_of_Heresy.png/64px-Essence_of_Heresy.png?3ed389
145,Lunar,Egocentrism,Ego,utility,whiteBall,unique,"Every 3 (-50% per stack) seconds, gain an orbiting bomb that detonates on impact for 360% damage, up to a maximum of 3 (+1 per stack) bombs. Every 60 seconds, a random item is converted into this item.",,https://riskofrain2.wiki.gg/images/thumb/Egocentrism.png/64px-Egocentrism.png?2e35c9
146,Lunar,Beads of Fealty,Beads,-,beads,none,Seems to do nothing... but...,"Unlock the new zone from the ""Hidden Realms"" update when you obliterate with this item.",https://riskofrain2.wiki.gg/images/thumb/Beads_of_Fealty.png/64px-Beads_of_Fealty.png?d04190
147,Lunar,Strides of Heresy,Strides,utility,weirdArm,linear,"Replace your Utility Skill with Shadowfade. Fade away, becoming intangible and gaining +30% movement speed. Heal for 25% (+25% per stack) of your maximum health. Lasts 3 (+3 per stack) seconds.",Kill 15 boss monsters in a single run.,https://riskofrain2.wiki.gg/images/thumb/Strides_of_Heresy.png/64px-Strides_of_Heresy.png?ee4235
148,Lunar,Defiant Gouge,Gouge,-,tools,linear,Using a Shrine summons enemies nearby. Scales over time.,,https://riskofrain2.wiki.gg/images/thumb/Defiant_Gouge.png/64px-Defiant_Gouge.png?25b76c
149,Lunar,Longstanding Solitude,Longitude,-,longstandingSolitude,linear,On level up gain a free unlock for the next purchase (+1 per stack) but all gold is converted to experience. Anything that costs gold is increased by 50% (+50% per stack).,,https://riskofrain2.wiki.gg/images/thumb/Longstanding_Solitude.png/64px-Longstanding_Solitude.png?6a5cdc
150,Lunar,Mercurial Rachis,Rachis,damage,spin,exponential,"Creates a Ward of Power in a random location nearby that buffs both enemies and allies within 16m (+50% per stack), causing them to deal +50% damage.",,https://riskofrain2.wiki.gg/images/thumb/Mercurial_Rachis.png/64px-Mercurial_Rachis.png?b667b8
151,Lunar,Eulogy Zero,Eulogy,utility,domino,linear,Items have a 5% (+5% per stack) chance to become a Lunar item instead.,,https://riskofrain2.wiki.gg/images/thumb/Eulogy_Zero.png/64px-Eulogy_Zero.png?1f5ffb
152,Lunar,Corpsebloom,Corpsebloom,-,flower,unique,Heal +100% (+100% per stack) more.All healing is applied over time. Can heal for a maximum of 10% (-50% per stack) of your health per second.,,https://riskofrain2.wiki.gg/images/thumb/Corpsebloom.png/64px-Corpsebloom.png?6c4df0
153,Lunar,Transcendence,Transcendence,-,transc,linear,Convert all but 1 health into regenerating shields. Gain 50% (+25% per stack) maximum health.,,https://riskofrain2.wiki.gg/images/thumb/Transcendence.png/64px-Transcendence.png?b71aa9
154,Lunar,Hellfire Tincture,Tincture,equipment,burn,linear,"Ignite ALL characters within 15m. Deal 5% of your maximum health/second as burning to yourself. The burn is 0.5x stronger on allies, and 24x stronger on enemies. Cooldown: 45s",Kill 15 enemies simultaneously.,https://riskofrain2.wiki.gg/images/thumb/Helfire_Tincture.png/64px-Helfire_Tincture.png?488556
155,Lunar,Effigy of Grief,Effigy,utility,slow,linear,ALL characters are slowed by 50% and has their armor reduced by 20. Can place up to 5. Cooldown: 15s,,https://riskofrain2.wiki.gg/images/thumb/Effigy_of_Grief.png/64px-Effigy_of_Grief.png?d29bca
156,Lunar,Glowing Meteorite,Meteor,equipment,meteorite,linear,"Rain meteors from the sky, damaging ALL characters for 600% damage per blast.Last 20 seconds. Cooldown: 140s",Carry 5 Lunar items in a single run.,https://riskofrain2.wiki.gg/images/thumb/Glowing_Meteorite.png/64px-Glowing_Meteorite.png?62cbd0
157,Lunar,Spinel Tonic,Crack,utility,tonic,linear,"Drink the Tonic, gaining a boost for 15 seconds.Increases damage by +100%.Increases attack speed by +70%.Increases armor by +20.Increases maximum health by +50%. Increases passive health regeneration by +300%. Increases movespeed by +30%.When the tonic wears off, you have 20% chance to gain a Tonic Affliction, reducing all of your stats by -5% (-5% per stack). Cooldown: 60s",Discover and enter three unique portals.,https://riskofrain2.wiki.gg/images/thumb/Spinel_Tonic.png/64px-Spinel_Tonic.png?de8d8c
158,Equipment,Preon Accumulator,Preon,-,beam,none,"Fires preon tendrils, zapping enemies within 35m up to 600% damage/second. On contact, detonate in an enormous 20m explosion for 4000% damage. Cooldown: 140s",Open the Timed Security Chest on Rallypoint Delta.,https://riskofrain2.wiki.gg/images/thumb/Preon_Accumulator.png/64px-Preon_Accumulator.png?22990f
159,Equipment,Primordial Cube,Vortex,-,blackhole,none,Fire a black hole that draws enemies within 30m into its center. Last 10 seconds. Cooldown: 60s,,https://riskofrain2.wiki.gg/images/thumb/Primordial_Cube.png/64px-Primordial_Cube.png?625c48
160,Equipment,Trophy Hunter's Tricorn,Gun,utility,oldGun,none,"Execute any enemy capable of spawning a unique reward, and it will drop that item. Equipment is consumed on use.",,https://riskofrain2.wiki.gg/images/thumb/Trophy_Hunter%27s_Tricorn.png/64px-Trophy_Hunter%27s_Tricorn.png?4d17b1
161,Equipment,Blast Shower,Blouwer,utility,potThing,none,"Cleanse all negative effects. Includes debuffs, damage over time, and nearby projectiles. Cooldown: 20s",Die three fiery deaths.,https://riskofrain2.wiki.gg/images/thumb/Blast_Shower.png/64px-Blast_Shower.png?62fe22
162,Equipment,Disposable Missile Launcher,DML,-,missile,none,Fire a swarm of 12 missiles that deal 12x300% damage. Cooldown: 45s,,https://riskofrain2.wiki.gg/images/thumb/Disposable_Missile_Launcher.png/64px-Disposable_Missile_Launcher.png?2e0692
163,Equipment,Ocular HUD,Hud,-,hud,none,Gain +100% Critical Strike Chance for 8 seconds. Cooldown: 60s,,https://riskofrain2.wiki.gg/images/thumb/Ocular_HUD.png/64px-Ocular_HUD.png?17554a
164,Equipment,Forgive Me Please,FMP,-,voodoo,none,Throw a cursed doll out that triggers any on-kill effects you have every 1 second for 8 seconds. Cooldown: 45,Die 20 times.,https://riskofrain2.wiki.gg/images/thumb/Forgive_Me_Please.png/64px-Forgive_Me_Please.png?723ede
165,Equipment,The Back-up,Backup,utility,drone,none,Call 4 Strike Drones to fight for you. Last 25 seconds. Cooldown: 100s,Repair 30 drones or turrets.,https://riskofrain2.wiki.gg/images/thumb/The_Back-up.png/64px-The_Back-up.png?61f55f
166,Equipment,Volcanic Egg,Egg,utility,egg,none,Turn into a draconic fireball for 5 seconds. Deal 500% damage on impact. Detonates at the end for 800% damage. Cooldown: 30s,,https://riskofrain2.wiki.gg/images/thumb/Volcanic_Egg.png/64px-Volcanic_Egg.png?19deb4
167,Equipment,Foreign Fruit,Fruit,-,fruit,none,Instantly heal for 50% of your maximum health. Cooldown: 45s,,https://riskofrain2.wiki.gg/images/thumb/Foreign_Fruit.png/64px-Foreign_Fruit.png?20f2f2
168,Equipment,Jade Elephant,Jelephant,utility,elephant,none,Gain 500 armor for 5 seconds. Cooldown: 45s,,https://riskofrain2.wiki.gg/images/thumb/Jade_Elephant.png/64px-Jade_Elephant.png?9f79e4
169,Equipment,Eccentric Vase,Pillarskip,utility,vase,none,Create a quantum tunnel of up to 1000m in length. Lasts 30 seconds. Cooldown: 45s,Defeat the guardian of Gilded Coast without any beacons deactivating.,https://riskofrain2.wiki.gg/images/thumb/Eccentric_Vase.png/64px-Eccentric_Vase.png?900a65
170,Equipment,The Crowdfunder,Crunder,-,gatling,none,Fires a continuous barrage that deals 100% damage per bullet. Costs $1 per bullet. Costs increases over time. Cooldown: 5s,"Collect $30,480 total gold.",https://riskofrain2.wiki.gg/images/thumb/The_Crowdfunder.png/64px-The_Crowdfunder.png?58fc1a
171,Equipment,Goobo Jr.,Goobo,utility,goobo,none,Spawn a gummy clone that has 300% damage and 300% health. Expires in 30 seconds. Cooldown: 100s,,https://riskofrain2.wiki.gg/images/thumb/Goobo_Jr..png/64px-Goobo_Jr..png?ecca14
172,Equipment,Seed of Life,Revive,utility,seedOfLife,none,"Revive dead, friendly Survivors upon activation. Dying while holding this equipment returns only you to life. Reviving gives 3s of invulnerability and consumes the equipment.",Journey to the Prime Meridian and defeat the False Son.,https://riskofrain2.wiki.gg/images/thumb/Seed_of_Life.png/64px-Seed_of_Life.png?508e73
173,Equipment,Milky Chrysalis,Wings,utility,larva,none,Sprout wings and fly for 15 seconds.Gain +20% movement speed for the duration. Cooldown: 60s,,https://riskofrain2.wiki.gg/images/thumb/Milky_Chrysalis.png/64px-Milky_Chrysalis.png?c954e8
174,Equipment,Super Massive Leech,Superleech,-,leech,none,Heal for 20% of the damage you deal. Lasts 8 seconds. Cooldown: 60s,,https://riskofrain2.wiki.gg/images/thumb/Super_Massive_Leech.png/64px-Super_Massive_Leech.png?40f502
175,Equipment,Royal Capacitor,Capacitor,-,lightning,none,"Call down a lightning strike on a targeted monster, dealing 3000% damage and stunning nearby monsters. Cooldown: 20s",Defeat the Teleporter bosses after activating 2 Shrines of the Moutain.,https://riskofrain2.wiki.gg/images/thumb/Royal_Capacitor.png/64px-Royal_Capacitor.png?fa849b
176,Equipment,Molotov (6-Pack),Molotov,-,molotov,none,Throw 6 molotov cocktails that ignites enemies for 500% base damage. Each molotov leaves a burning area for 200% damage per second. Cooldown: 45s,,https://riskofrain2.wiki.gg/images/thumb/Molotov_%286-Pack%29.png/64px-Molotov_%286-Pack%29.png?701dfd
177,Equipment,Executive Card,Credit Card,utility,creditCard,none,"Whenever you make a gold purchase, get 10% of the spent gold back. If the purchase is a multishop terminal, the other terminals will remaing open. Cooldown: 0.1s",,https://riskofrain2.wiki.gg/images/thumb/Executive_Card.png/64px-Executive_Card.png?e23d0a
178,Equipment,Gnarled Woodsprite,Sprite,-,spirit,none,"Gain a Woodsprite follower that heals a friendly target for 10% of their maximum health instantly, then 1.5% of your maximum health every second. Activating the equipment assigns a new target, or yourself if there are no targets available. Cooldown: 15s",Fully upgrade a Shrine of the Woods.,https://riskofrain2.wiki.gg/images/thumb/Gnarled_Woodsprite.png/64px-Gnarled_Woodsprite.png?ef1d5d
179,Equipment,Recycler,Recycler,utility,recycler,none,Transform an Item or Equipment into a different one. Can only be converted in the same tier one time. Cooldown: 45s,Destroy  20 flying rocks in Sky Meadow.,https://riskofrain2.wiki.gg/images/thumb/Recycler.png/64px-Recycler.png?ad6d53
180,Equipment,Sawmerang,Saw,-,metalSpin,none,Throw three large saw blades that slice through enemies for 3x400% damage. Also deals an additional 3x100% damage per second while bleeding enemies. Can strike enemies again on the way back. Cooldown: 45s,,https://riskofrain2.wiki.gg/images/thumb/Sawmerang.png/64px-Sawmerang.png?a6b9a4
181,Equipment,Radar Scanner,Scanner,utility,radar,none,Reveal all interactables within 500m for 10 seconds. Cooldown: 45s,Collect 10 Monster or Environment Logs.,https://riskofrain2.wiki.gg/images/thumb/Radar_Scanner.png/64px-Radar_Scanner.png?f69cd5
182,Equipment,Gorag's Opus,Gopus,utility,drum,none,All allies enter a frenzy for 7 seconds. Increases movement speed by 50% and attack speed by 100%. Cooldown: 45s,,https://riskofrain2.wiki.gg/images/thumb/Gorag%27s_Opus.png/64px-Gorag%27s_Opus.png?df994b
183,Equipment,Remote Caffeinator,Soda Machine,utility,fridge,none,"Request an Eclipse Zero Vending Machine from the UES Safe Travels. Delivery guaranteed in 5 seconds, dealing 2000% damage. Heal up to 3 targets for 25% of their maximum health. Cooldown: 60s",,https://riskofrain2.wiki.gg/images/thumb/Remote_Caffeinator.png/64px-Remote_Caffeinator.png?fba4ed
